{
  "location_mapping": {
    "Downtown": 0,
    "Rural": 1,
    "Suburbs": 2,
    "Uptown": 3
  },
  "furnishing_mapping": {
    "Furnished": 0,
    "Semi-Furnished": 1,
    "Unfurnished": 2
  },
  "scaler_mean": [
    1765.485,
    3.015,
    1.97625,
    1.54375,
    24.9775,
    9.8825,
    1.424527876041995,
    1.7094190755481078,
    4.99125,
    1.765
  ],
  "scaler_std": [
    710.9604646356927,
    1.4308301786026183,
    0.803545852767594,
    1.12052931130783,
    14.18104346478072,
    5.865679308485932,
    0.7114116298018888,
    1.136768850195143,
    1.6840942484017931,
    0.8365255525087085
  ],
  "numerical_features": [
    "area_sqft",
    "bedrooms",
    "bathrooms",
    "parking",
    "age_years",
    "floor",
    "price_per_sqft",
    "room_bath_ratio",
    "total_rooms",
    "amenities_score"
  ]
}