feature,importance
area_sqft,0.44214515493953555
price_per_sqft,0.42130154954630256
total_rooms,0.0971889112937087
bedrooms,0.011138544185830929
age_years,0.008873240547088055
floor,0.005674764515719873
amenities_score,0.004183211495216762
parking,0.003468195385476668
room_bath_ratio,0.0024835371904293538
has_gym,0.0010823815587779715
bathrooms,0.0008938464714229284
has_pool,0.00088097231495663
is_spacious,0.0003897408695639814
is_new,0.0002959496859700213
